{
  "b575Q1": {
    "name": "Frontend Team",
    "description": "Develop interactive UI",
    "admin": "jmU6E9",
    "id": "b575Q1",
    "creation_time": "2025-05-30T12:57:16.077135",
    "user_details": {
      "jmU6E9": {
        "name": "Rahul",
        "display_name": "Rahul"
      },
      "7lfB10": {
        "name": "Rohan",
        "display_name": "Rohan"
      }
    }
  },
  "FBQ4s3": {
    "name": "Backend Team",
    "description": "Develop sustainable backend architecture",
    "admin": "cqv839",
    "id": "FBQ4s3",
    "creation_time": "2025-05-30T15:47:20.404660",
    "user_details": {
      "cqv839": {
        "name": "John",
        "display_name": "John"
      },
      "2kVF1Z": {
        "name": "James",
        "display_name": "James"
      }
    }
  }
}