{
  "jmU6E9": {
    "name": "Rahul",
    "display_name": "Rahul",
    "id": "jmU6E9",
    "creation_time": "2025-05-30T12:55:21.956596"
  },
  "7lfB10": {
    "name": "Rohan",
    "display_name": "Rohan",
    "id": "7lfB10",
    "creation_time": "2025-05-30T12:55:48.287258"
  },
  "cqv839": {
    "name": "John",
    "display_name": "John",
    "id": "cqv839",
    "creation_time": "2025-05-30T12:56:03.310095"
  },
  "2kVF1Z": {
    "name": "James",
    "display_name": "James",
    "id": "2kVF1Z",
    "creation_time": "2025-05-30T12:56:15.117088"
  }
}